station_id,lat,lon,coords
122,46.9613082,7.4466679,"(46.9613082, 7.4466679)"
462,46.9558281,7.4529965,"(46.9558281, 7.4529965)"
216,46.9538192,7.4581813,"(46.9538192, 7.4581813)"
334,46.520202,6.571784,"(46.520202, 6.571784)"
9,46.519805,6.579676,"(46.519805, 6.579676)"
21,46.521043,6.573253,"(46.521043, 6.573253)"
114,46.9566007,7.4402185,"(46.9566007, 7.4402185)"
217,46.9483305,7.44079,"(46.9483305, 7.44079)"
152,47.389823,8.49163,"(47.389823, 8.49163)"
455,47.385711,8.499287,"(47.385711, 8.499287)"
43,46.005849,8.961709,"(46.005849, 8.961709)"
546,46.939462,7.46973,"(46.939462, 7.46973)"
261,46.9366583,7.4679887,"(46.9366583, 7.4679887)"
266,47.375819,8.516676,"(47.375819, 8.516676)"
124,47.37209,8.520482,"(47.37209, 8.520482)"
890,47.012883,7.469947,"(47.012883, 7.469947)"
889,47.015385,7.48331,"(47.015385, 7.48331)"
506,46.803943,7.151989,"(46.803943, 7.151989)"
510,46.808006,7.155941,"(46.808006, 7.155941)"
219,46.9514853,7.4303815,"(46.9514853, 7.4303815)"
309,46.9405957,7.418738,"(46.9405957, 7.418738)"
171,46.41609,6.278163,"(46.41609, 6.278163)"
218,46.961965,7.452968,"(46.961965, 7.452968)"
188,46.95518301852439,7.451799078591182,"(46.95518301852439, 7.451799078591182)"
505,46.811754,7.150142,"(46.811754, 7.150142)"
415,46.916092,7.418571,"(46.916092, 7.418571)"
413,46.9250228,7.4154375,"(46.9250228, 7.4154375)"
636,46.806876,7.15297,"(46.806876, 7.15297)"
635,46.802118,7.146355,"(46.802118, 7.146355)"
507,46.804568,7.155553,"(46.804568, 7.155553)"
535,46.802937,7.167527,"(46.802937, 7.167527)"
211,46.383066,6.225766,"(46.383066, 6.225766)"
732,46.388983510293066,6.223670386094328,"(46.388983510293066, 6.223670386094328)"
707,45.86839596516475,8.97806954826163,"(45.86839596516475, 8.97806954826163)"
688,45.86552127511925,8.977682352126578,"(45.86552127511925, 8.977682352126578)"
195,46.9543451,7.4453536,"(46.9543451, 7.4453536)"
677,46.949100687820106,7.433277786246504,"(46.949100687820106, 7.433277786246504)"
229,46.9412568,7.4507099,"(46.9412568, 7.4507099)"
251,46.9487682,7.4475691,"(46.9487682, 7.4475691)"
378,46.0082843,8.9512745,"(46.0082843, 8.9512745)"
543,46.517338,6.59775,"(46.517338, 6.59775)"
317,46.9460279,7.4332165,"(46.9460279, 7.4332165)"
867,46.9477816,7.4365087,"(46.9477816, 7.4365087)"
146,46.004469,8.947096,"(46.004469, 8.947096)"
381,46.012252,8.955118,"(46.012252, 8.955118)"
497,46.9579458,7.4537747,"(46.9579458, 7.4537747)"
119,46.95752776631194,7.440576239521807,"(46.95752776631194, 7.440576239521807)"
226,46.9557805,7.4352658,"(46.9557805, 7.4352658)"
165,46.38421,6.23491,"(46.38421, 6.23491)"
88,47.364946,8.525788,"(47.364946, 8.525788)"
105,47.377359,8.535855,"(47.377359, 8.535855)"
249,46.000482,8.912639,"(46.000482, 8.912639)"
210,45.996253,8.900957,"(45.996253, 8.900957)"
49,46.005707,8.95184,"(46.005707, 8.95184)"
646,46.798038,7.119618,"(46.798038, 7.119618)"
777,46.80799726436817,7.143350342709623,"(46.80799726436817, 7.143350342709623)"
228,46.9534206,7.4328277,"(46.9534206, 7.4328277)"
250,46.9490849,7.4444363,"(46.9490849, 7.4444363)"
220,46.9559178,7.4467885,"(46.9559178, 7.4467885)"
353,46.94831,7.44035,"(46.94831, 7.44035)"
92,47.3820827,8.5286468,"(47.3820827, 8.5286468)"
392,47.393309,8.528074,"(47.393309, 8.528074)"
7,46.522591,6.584961,"(46.522591, 6.584961)"
290,46.946888089472424,7.445830418186601,"(46.946888089472424, 7.445830418186601)"
292,46.946604,7.441624,"(46.946604, 7.441624)"
253,46.9534004,7.4285549,"(46.9534004, 7.4285549)"
230,46.9547361,7.4333909,"(46.9547361, 7.4333909)"
189,46.9618565,7.4592662,"(46.9618565, 7.4592662)"
223,46.9506632,7.4370414,"(46.9506632, 7.4370414)"
204,46.9515508,7.4345382,"(46.9515508, 7.4345382)"
237,46.806661,7.1620248,"(46.806661, 7.1620248)"
567,47.381447,8.497982,"(47.381447, 8.497982)"
97,47.3771535,8.5104883,"(47.3771535, 8.5104883)"
500,46.794595,7.132707,"(46.794595, 7.132707)"
513,47.380338,8.537684,"(47.380338, 8.537684)"
702,47.377779,8.546183,"(47.377779, 8.546183)"
591,46.9475569,7.4266947,"(46.9475569, 7.4266947)"
307,46.948011846616254,7.421892556487192,"(46.948011846616254, 7.421892556487192)"
553,46.944672,7.422308,"(46.944672, 7.422308)"
236,46.8104076,7.1730614,"(46.8104076, 7.1730614)"
321,46.93965162143165,7.440241261842887,"(46.93965162143165, 7.440241261842887)"
300,46.9371912,7.4360892,"(46.9371912, 7.4360892)"
393,47.415721,8.538067,"(47.415721, 8.538067)"
387,47.411057,8.543768,"(47.411057, 8.543768)"
34,46.532879,6.566487,"(46.532879, 6.566487)"
647,46.80007,7.140663,"(46.80007, 7.140663)"
637,46.79427,7.155003,"(46.79427, 7.155003)"
812,46.79364606401284,7.150040893601194,"(46.79364606401284, 7.150040893601194)"
187,46.947127654625206,7.46573539047808,"(46.947127654625206, 7.46573539047808)"
683,46.948471616973904,7.450529302235038,"(46.948471616973904, 7.450529302235038)"
213,46.9503428,7.435298,"(46.9503428, 7.435298)"
259,46.9539295,7.4267524,"(46.9539295, 7.4267524)"
461,46.9470671,7.3957642,"(46.9470671, 7.3957642)"
174,46.9436036,7.4071777,"(46.9436036, 7.4071777)"
234,46.815219,7.155715,"(46.815219, 7.155715)"
883,46.96079848478852,7.433964120753491,"(46.96079848478852, 7.433964120753491)"
222,46.9534366,7.4239308,"(46.9534366, 7.4239308)"
163,46.3995398,6.2321083,"(46.3995398, 6.2321083)"
233,46.802604,7.1509925,"(46.802604, 7.1509925)"
811,46.417503,6.271244,"(46.417503, 6.271244)"
590,46.946544688600916,7.4207811103582495,"(46.946544688600916, 7.4207811103582495)"
668,46.93369386095887,7.423407106637636,"(46.93369386095887, 7.423407106637636)"
331,46.9458073,7.4270475,"(46.9458073, 7.4270475)"
596,46.9446088,7.4290739,"(46.9446088, 7.4290739)"
306,46.9400198,7.4317782,"(46.9400198, 7.4317782)"
480,46.9371088,7.4322402,"(46.9371088, 7.4322402)"
771,47.403145,8.609221,"(47.403145, 8.609221)"
532,47.412103,8.592144,"(47.412103, 8.592144)"
325,46.9360173,7.4300596,"(46.9360173, 7.4300596)"
214,46.94626,7.43804,"(46.94626, 7.43804)"
194,46.95860113643669,7.456935120256138,"(46.95860113643669, 7.456935120256138)"
501,46.803797,7.161559,"(46.803797, 7.161559)"
252,46.9497908,7.4441278,"(46.9497908, 7.4441278)"
549,46.951735,7.416496,"(46.951735, 7.416496)"
349,46.93874927649203,7.475214965129108,"(46.93874927649203, 7.475214965129108)"
815,46.96526082670581,7.481022157938033,"(46.96526082670581, 7.481022157938033)"
814,46.96629170335004,7.48318298315503,"(46.96629170335004, 7.48318298315503)"
348,46.97179532778565,7.44576189083437,"(46.97179532778565, 7.44576189083437)"
471,46.94774434260293,7.40357158919319,"(46.94774434260293, 7.40357158919319)"
308,46.9465416,7.4356627,"(46.9465416, 7.4356627)"
359,47.393365,8.512551,"(47.393365, 8.512551)"
149,47.392336,8.491061,"(47.392336, 8.491061)"
235,46.793372,7.1584206,"(46.793372, 7.1584206)"
271,46.947856328360984,7.436903989490435,"(46.947856328360984, 7.436903989490435)"
414,46.926197,7.417231,"(46.926197, 7.417231)"
670,46.9313589644514,7.446041234885444,"(46.9313589644514, 7.446041234885444)"
244,46.9603536,7.4485856,"(46.9603536, 7.4485856)"
416,46.93046,7.428167,"(46.93046, 7.428167)"
550,46.958014,7.444949,"(46.958014, 7.444949)"
499,46.801805,7.136609,"(46.801805, 7.136609)"
632,46.79816,7.147493,"(46.79816, 7.147493)"
457,46.9525271,7.4498355,"(46.9525271, 7.4498355)"
302,46.938576,7.437862,"(46.938576, 7.437862)"
315,46.9424453,7.4431193,"(46.9424453, 7.4431193)"
305,46.9413996,7.4316924,"(46.9413996, 7.4316924)"
422,46.92775,7.453419,"(46.92775, 7.453419)"
486,46.9503044,7.4145806,"(46.9503044, 7.4145806)"
85,47.3716661,8.5235479,"(47.3716661, 8.5235479)"
660,47.3525,8.527157,"(47.3525, 8.527157)"
563,47.360004,8.534227,"(47.360004, 8.534227)"
753,46.3221235178547,6.187826521431379,"(46.3221235178547, 6.187826521431379)"
755,46.3176389,6.188055555555556,"(46.3176389, 6.188055555555556)"
212,46.958717,7.4646494,"(46.958717, 7.4646494)"
203,46.9569128,7.4376583,"(46.9569128, 7.4376583)"
311,46.9442197,7.4366739,"(46.9442197, 7.4366739)"
28,46.515862,6.630461,"(46.515862, 6.630461)"
823,46.95611252733205,7.498312728132974,"(46.95611252733205, 7.498312728132974)"
256,46.9555118,7.4768856,"(46.9555118, 7.4768856)"
412,46.9266467,7.4359484,"(46.9266467, 7.4359484)"
547,46.942351,7.452777,"(46.942351, 7.452777)"
192,46.9677817,7.4646494,"(46.9677817, 7.4646494)"
117,46.95675,7.46789,"(46.95675, 7.46789)"
170,46.420278,6.270556,"(46.420278, 6.270556)"
478,46.9406928,7.4431488,"(46.9406928, 7.4431488)"
86,47.40781197,8.506822854,"(47.40781197, 8.506822854)"
196,46.9665865,7.4639627,"(46.9665865, 7.4639627)"
330,46.9427163,7.4410406,"(46.9427163, 7.4410406)"
38,46.526347,6.603215,"(46.526347, 6.603215)"
417,46.92903811738819,7.417226193945767,"(46.92903811738819, 7.417226193945767)"
6,46.518108,6.564945,"(46.518108, 6.564945)"
166,46.425927,6.28774,"(46.425927, 6.28774)"
738,46.41916420448668,6.288709722973113,"(46.41916420448668, 6.288709722973113)"
141,47.366752,8.544935,"(47.366752, 8.544935)"
318,46.9410334,7.4359176,"(46.9410334, 7.4359176)"
231,46.9524539,7.4354213,"(46.9524539, 7.4354213)"
225,46.95560612233403,7.428042090100739,"(46.95560612233403, 7.428042090100739)"
634,46.805413,7.165191,"(46.805413, 7.165191)"
733,46.461609,6.346166,"(46.461609, 6.346166)"
764,46.470818,6.336435,"(46.470818, 6.336435)"
459,46.958241,7.4474859,"(46.958241, 7.4474859)"
594,46.9644796,7.466948,"(46.9644796, 7.466948)"
832,46.025237,8.963681,"(46.025237, 8.963681)"
48,46.0105808,8.95794,"(46.0105808, 8.95794)"
586,46.020198,8.97169,"(46.020198, 8.97169)"
154,47.372329,8.52714,"(47.372329, 8.52714)"
385,47.368939,8.523306,"(47.368939, 8.523306)"
514,47.397885,8.596202,"(47.397885, 8.596202)"
279,47.39808,8.533647,"(47.39808, 8.533647)"
831,47.394686,8.478455,"(47.394686, 8.478455)"
280,47.392347,8.523549,"(47.392347, 8.523549)"
107,47.365139,8.530916,"(47.365139, 8.530916)"
421,46.9229774,7.4141121,"(46.9229774, 7.4141121)"
139,47.410618,8.55189,"(47.410618, 8.55189)"
701,47.375522,8.547696,"(47.375522, 8.547696)"
485,46.9432858,7.4144036,"(46.9432858, 7.4144036)"
181,46.9378963,7.3954739,"(46.9378963, 7.3954739)"
178,46.9372059,7.3872274,"(46.9372059, 7.3872274)"
118,46.96845,7.46242,"(46.96845, 7.46242)"
827,47.405478,8.481071,"(47.405478, 8.481071)"
555,46.946839,7.4556,"(46.946839, 7.4556)"
316,46.9446775,7.4432641,"(46.9446775, 7.4432641)"
502,46.79435,7.14049,"(46.79435, 7.14049)"
363,47.416155,8.541712,"(47.416155, 8.541712)"
396,47.409881,8.535767,"(47.409881, 8.535767)"
778,46.81077819593714,7.139183090960676,"(46.81077819593714, 7.139183090960676)"
190,46.9603316,7.4614522,"(46.9603316, 7.4614522)"
94,47.3758639,8.5354006,"(47.3758639, 8.5354006)"
540,47.403822,8.546464,"(47.403822, 8.546464)"
20,46.506896,6.626253,"(46.506896, 6.626253)"
643,46.79704596417351,7.150607035291654,"(46.79704596417351, 7.150607035291654)"
599,46.33296,6.19293,"(46.33296, 6.19293)"
606,46.31526,6.19271,"(46.31526, 6.19271)"
304,46.9429736,7.4302386,"(46.9429736, 7.4302386)"
431,47.362209,8.510788,"(47.362209, 8.510788)"
274,47.375991201,8.541239126,"(47.375991201, 8.541239126)"
320,46.946466,7.452518,"(46.946466, 7.452518)"
301,46.9440348,7.4120405,"(46.9440348, 7.4120405)"
830,46.90080888317644,7.401061091966004,"(46.90080888317644, 7.401061091966004)"
161,46.38278,6.24357,"(46.38278, 6.24357)"
324,46.94588,7.41549,"(46.94588, 7.41549)"
102,47.3897772,8.5166922,"(47.3897772, 8.5166922)"
108,47.386741,8.518982,"(47.386741, 8.518982)"
473,46.9491966,7.445947,"(46.9491966, 7.445947)"
101,47.3625938,8.5348427,"(47.3625938, 8.5348427)"
39,46.52804418,6.59119606,"(46.52804418, 6.59119606)"
310,46.959334038741154,7.434909268498735,"(46.959334038741154, 7.434909268498735)"
663,46.951897864484735,7.442042659901252,"(46.951897864484735, 7.442042659901252)"
484,46.9456022,7.434734,"(46.9456022, 7.434734)"
333,46.936635808279966,7.475831165818141,"(46.936635808279966, 7.475831165818141)"
448,47.379686,8.501312,"(47.379686, 8.501312)"
536,47.381591,8.49038,"(47.381591, 8.49038)"
682,46.938845,7.4210796,"(46.938845, 7.4210796)"
420,46.9356189,7.4165883,"(46.9356189, 7.4165883)"
326,46.9478691,7.4598938,"(46.9478691, 7.4598938)"
666,46.997311304908294,7.458796441962296,"(46.997311304908294, 7.458796441962296)"
158,47.373675,8.545505,"(47.373675, 8.545505)"
377,46.0121344,8.9657021,"(46.0121344, 8.9657021)"
322,46.9347023,7.4420357,"(46.9347023, 7.4420357)"
98,47.3731102,8.5333139,"(47.3731102, 8.5333139)"
640,46.795871,7.156473,"(46.795871, 7.156473)"
509,46.796171649939694,7.143346608386447,"(46.796171649939694, 7.143346608386447)"
460,46.9662414,7.4558243,"(46.9662414, 7.4558243)"
202,46.9565421,7.4317735,"(46.9565421, 7.4317735)"
879,46.84898,9.5145,"(46.84898, 9.5145)"
872,46.85311,9.52903,"(46.85311, 9.52903)"
489,46.523333,6.625402,"(46.523333, 6.625402)"
358,47.397293,8.541453,"(47.397293, 8.541453)"
138,47.375933,8.543447,"(47.375933, 8.543447)"
481,46.9320203,7.4330474,"(46.9320203, 7.4330474)"
291,46.9635131,7.4555218,"(46.9635131, 7.4555218)"
162,46.38347,6.2137814,"(46.38347, 6.2137814)"
458,46.9458027,7.4729321,"(46.9458027, 7.4729321)"
836,46.510153,6.558052,"(46.510153, 6.558052)"
877,46.97422346344607,7.476819763848439,"(46.97422346344607, 7.476819763848439)"
313,46.9415535,7.4708855,"(46.9415535, 7.4708855)"
475,46.9475304,7.4521275,"(46.9475304, 7.4521275)"
554,46.95251,7.467399,"(46.95251, 7.467399)"
633,46.77787,7.15074,"(46.77787, 7.15074)"
587,46.005806,8.957374,"(46.005806, 8.957374)"
545,46.943536,7.463293,"(46.943536, 7.463293)"
641,46.81288,7.11461,"(46.81288, 7.11461)"
639,46.015758,8.971604,"(46.015758, 8.971604)"
262,46.9416249,7.4631929,"(46.9416249, 7.4631929)"
257,46.9480422,7.4502406,"(46.9480422, 7.4502406)"
238,46.7804953,7.1505764,"(46.7804953, 7.1505764)"
828,46.941794,7.390649,"(46.941794, 7.390649)"
835,46.95884778357857,7.429204058387358,"(46.95884778357857, 7.429204058387358)"
428,47.40158,8.58841,"(47.40158, 8.58841)"
232,46.9441328,7.449692,"(46.9441328, 7.449692)"
503,46.809589,7.14687,"(46.809589, 7.14687)"
227,46.9545136,7.4294963,"(46.9545136, 7.4294963)"
466,46.9486216,7.3827534,"(46.9486216, 7.3827534)"
198,46.9439597,7.3746103,"(46.9439597, 7.3746103)"
834,46.947649789766224,7.416924289192128,"(46.947649789766224, 7.416924289192128)"
508,46.80295,7.15966,"(46.80295, 7.15966)"
440,46.0166117,8.9596513,"(46.0166117, 8.9596513)"
380,46.0090116,8.9638054,"(46.0090116, 8.9638054)"
790,46.52112812235608,6.64036369203716,"(46.52112812235608, 6.64036369203716)"
581,46.514554,6.619263,"(46.514554, 6.619263)"
254,46.9486345,7.4567436,"(46.9486345, 7.4567436)"
560,47.376467,8.526609,"(47.376467, 8.526609)"
83,47.358663827,8.520370505,"(47.358663827, 8.520370505)"
661,47.36910680440694,8.541427242856333,"(47.36910680440694, 8.541427242856333)"
700,46.53125489706996,6.601886023564116,"(46.53125489706996, 6.601886023564116)"
239,46.7931454,7.1322764,"(46.7931454, 7.1322764)"
357,47.370141,8.527298,"(47.370141, 8.527298)"
89,47.3713591,8.5313344,"(47.3713591, 8.5313344)"
332,46.943804,7.4694264,"(46.943804, 7.4694264)"
130,47.391366,8.488108,"(47.391366, 8.488108)"
444,47.375247,8.496511,"(47.375247, 8.496511)"
840,46.80036467702836,7.175555914805134,"(46.80036467702836, 7.175555914805134)"
296,46.9439259,7.3853056,"(46.9439259, 7.3853056)"
329,46.94167,7.42598,"(46.94167, 7.42598)"
23,46.5175143,6.5261484,"(46.5175143, 6.5261484)"
418,46.92878380186514,7.44610102408428,"(46.92878380186514, 7.44610102408428)"
258,46.9475995,7.4473498,"(46.9475995, 7.4473498)"
411,46.9257473,7.3770699,"(46.9257473, 7.3770699)"
104,47.373935,8.538633,"(47.373935, 8.538633)"
164,47.387531,8.527138,"(47.387531, 8.527138)"
180,46.9477116,7.3774722,"(46.9477116, 7.3774722)"
18,46.5367962297447,6.57834071739537,"(46.5367962297447, 6.57834071739537)"
580,46.800445,7.122294,"(46.800445, 7.122294)"
240,46.7899747,7.1160135,"(46.7899747, 7.1160135)"
260,46.9486794,7.4532728,"(46.9486794, 7.4532728)"
42,45.998453,8.94848,"(45.998453, 8.94848)"
206,45.982042,8.883593,"(45.982042, 8.883593)"
298,46.9427331,7.4595458,"(46.9427331, 7.4595458)"
255,46.9526864,7.4299899,"(46.9526864, 7.4299899)"
592,46.93718143594243,7.4393978740610605,"(46.93718143594243, 7.4393978740610605)"
809,46.530961547725724,6.570954143053104,"(46.530961547725724, 6.570954143053104)"
878,46.948670967854916,7.408147339558864,"(46.948670967854916, 7.408147339558864)"
186,46.9493284,7.3939866,"(46.9493284, 7.3939866)"
168,46.417718,6.267441,"(46.417718, 6.267441)"
884,46.973323,7.484832,"(46.973323, 7.484832)"
824,46.95626329415468,7.482893566913186,"(46.95626329415468, 7.482893566913186)"
616,46.975958,7.472646,"(46.975958, 7.472646)"
191,46.960116251597235,7.454334866797193,"(46.960116251597235, 7.454334866797193)"
556,47.391289,8.537546,"(47.391289, 8.537546)"
795,46.80627599825691,7.175202933966421,"(46.80627599825691, 7.175202933966421)"
13,46.517153,6.561272,"(46.517153, 6.561272)"
435,46.009713,8.96008,"(46.009713, 8.96008)"
749,46.01839064983639,8.952667134728758,"(46.01839064983639, 8.952667134728758)"
27,46.50225151684113,6.48110823288,"(46.50225151684113, 6.48110823288)"
30,46.511048,6.492569,"(46.511048, 6.492569)"
32,46.510581,6.496026,"(46.510581, 6.496026)"
504,46.799339,7.151984,"(46.799339, 7.151984)"
664,46.011494,8.961011,"(46.011494, 8.961011)"
327,46.938964,7.4476281,"(46.938964, 7.4476281)"
565,47.381149,8.532405,"(47.381149, 8.532405)"
84,47.3789825,8.5412505,"(47.3789825, 8.5412505)"
561,47.413733,8.541541,"(47.413733, 8.541541)"
286,47.3985553,8.493822,"(47.3985553, 8.493822)"
788,46.52285180329474,6.616691677562492,"(46.52285180329474, 6.616691677562492)"
629,46.009397,8.931591,"(46.009397, 8.931591)"
619,46.016072,8.941042,"(46.016072, 8.941042)"
674,46.93357261917911,7.505070609131323,"(46.93357261917911, 7.505070609131323)"
474,46.9501048,7.4283779,"(46.9501048, 7.4283779)"
347,46.941479,7.466444,"(46.941479, 7.466444)"
389,47.413032,8.558096,"(47.413032, 8.558096)"
490,46.534129,6.606292,"(46.534129, 6.606292)"
479,46.9581458,7.4349895,"(46.9581458, 7.4349895)"
456,46.965031,7.4589906,"(46.965031, 7.4589906)"
241,46.794798,7.114034,"(46.794798, 7.114034)"
87,47.371083,8.536101,"(47.371083, 8.536101)"
361,47.394554,8.522117,"(47.394554, 8.522117)"
182,46.96274,7.46276,"(46.96274, 7.46276)"
804,46.979405440906326,7.457189997936046,"(46.979405440906326, 7.457189997936046)"
826,46.988369990781095,7.463319968143853,"(46.988369990781095, 7.463319968143853)"
96,47.378548,8.531836,"(47.378548, 8.531836)"
839,46.52877795845398,6.614257776560184,"(46.52877795845398, 6.614257776560184)"
25,46.51729603169255,6.630497103216617,"(46.51729603169255, 6.630497103216617)"
548,46.944243,7.399437,"(46.944243, 7.399437)"
665,46.92962527658024,7.4209414544658925,"(46.92962527658024, 7.4209414544658925)"
80,47.3795837,8.5156327,"(47.3795837, 8.5156327)"
675,46.95906857,7.47775778,"(46.95906857, 7.47775778)"
368,47.3619068,8.5609218,"(47.3619068, 8.5609218)"
467,46.93992,7.3950333,"(46.93992, 7.3950333)"
150,47.359884,8.523071,"(47.359884, 8.523071)"
127,47.361567,8.525525,"(47.361567, 8.525525)"
483,46.9390885,7.4286407,"(46.9390885, 7.4286407)"
169,46.4223802,6.2585274,"(46.4223802, 6.2585274)"
726,46.9647833374251,7.4484037810233445,"(46.9647833374251, 7.4484037810233445)"
845,45.9987921421312,8.93937873151315,"(45.9987921421312, 8.93937873151315)"
207,46.001154,8.934162,"(46.001154, 8.934162)"
841,46.938446718314495,7.4808033698062095,"(46.938446718314495, 7.4808033698062095)"
201,46.95602789210635,7.425797884262834,"(46.95602789210635, 7.425797884262834)"
137,47.370869,8.548045,"(47.370869, 8.548045)"
740,46.99128453561965,7.46742522413544,"(46.99128453561965, 7.46742522413544)"
602,47.000176,7.461966,"(47.000176, 7.461966)"
126,47.381356,8.510418,"(47.381356, 8.510418)"
273,47.389862,8.514605,"(47.389862, 8.514605)"
775,46.33961592685363,6.171960914015045,"(46.33961592685363, 6.171960914015045)"
807,46.52654734920485,6.64111195901793,"(46.52654734920485, 6.64111195901793)"
562,47.370238,8.514841,"(47.370238, 8.514841)"
209,46.022676,8.917196,"(46.022676, 8.917196)"
45,46.023159,8.959919,"(46.023159, 8.959919)"
370,47.4039985,8.5721264,"(47.4039985, 8.5721264)"
129,47.379952,8.542726,"(47.379952, 8.542726)"
453,47.3836391,8.4941268,"(47.3836391, 8.4941268)"
33,46.512991,6.614122,"(46.512991, 6.614122)"
694,45.849794,8.944964,"(45.849794, 8.944964)"
695,45.848177,8.936794,"(45.848177, 8.936794)"
644,46.776964,7.16038,"(46.776964, 7.16038)"
143,47.3899,8.523722,"(47.3899, 8.523722)"
817,46.51673942261787,6.566454652605652,"(46.51673942261787, 6.566454652605652)"
356,47.380319,8.552615,"(47.380319, 8.552615)"
673,46.931588810237784,7.485518127326376,"(46.931588810237784, 7.485518127326376)"
611,46.38362,6.23574,"(46.38362, 6.23574)"
90,47.3917964,8.5056978,"(47.3917964, 8.5056978)"
263,47.359978,8.552717,"(47.359978, 8.552717)"
31,46.50737,6.495352,"(46.50737, 6.495352)"
464,46.9523752,7.3914921,"(46.9523752, 7.3914921)"
530,47.40462,8.60465,"(47.40462, 8.60465)"
37,46.537813,6.581462,"(46.537813, 6.581462)"
295,46.9371056,7.4178248,"(46.9371056, 7.4178248)"
482,46.9364423,7.437876,"(46.9364423, 7.437876)"
552,46.952701,7.454585,"(46.952701, 7.454585)"
669,46.99202428819717,7.457368930354201,"(46.99202428819717, 7.457368930354201)"
276,47.414545,8.552747,"(47.414545, 8.552747)"
277,47.413514,8.537816,"(47.413514, 8.537816)"
93,47.384918,8.531935,"(47.384918, 8.531935)"
99,47.37497,8.519782,"(47.37497, 8.519782)"
248,45.993326,8.924532,"(45.993326, 8.924532)"
756,46.370779,6.228414,"(46.370779, 6.228414)"
667,46.99996912619948,7.442087059202756,"(46.99996912619948, 7.442087059202756)"
463,46.9593467,7.4518043,"(46.9593467, 7.4518043)"
184,46.9489732,7.3882333,"(46.9489732, 7.3882333)"
109,47.37247535,8.53001018,"(47.37247535, 8.53001018)"
134,47.358557,8.557088,"(47.358557, 8.557088)"
494,45.970197,8.883746,"(45.970197, 8.883746)"
208,45.977309,8.875447,"(45.977309, 8.875447)"
371,46.933433,7.466467,"(46.933433, 7.466467)"
476,46.9459831,7.4394178,"(46.9459831, 7.4394178)"
366,47.407098,8.55033,"(47.407098, 8.55033)"
686,45.8762029265714,8.981280464481735,"(45.8762029265714, 8.981280464481735)"
725,45.90587981635428,8.972694428589046,"(45.90587981635428, 8.972694428589046)"
140,47.366904,8.533736,"(47.366904, 8.533736)"
125,47.378521,8.496727,"(47.378521, 8.496727)"
362,47.37271,8.530437,"(47.37271, 8.530437)"
100,47.368064,8.539046,"(47.368064, 8.539046)"
825,46.95123907638763,7.487040006612239,"(46.95123907638763, 7.487040006612239)"
160,47.385718,8.524762,"(47.385718, 8.524762)"
379,46.008095,8.957432,"(46.008095, 8.957432)"
365,47.388689,8.536433,"(47.388689, 8.536433)"
451,47.381915,8.515252,"(47.381915, 8.515252)"
382,45.972202,8.915525,"(45.972202, 8.915525)"
468,46.94730845562206,7.393210711796317,"(46.94730845562206, 7.393210711796317)"
648,46.949233,7.436822,"(46.949233, 7.436822)"
628,46.00627672,8.94272889,"(46.00627672, 8.94272889)"
221,46.9519742,7.4227466,"(46.9519742, 7.4227466)"
671,46.92898585565497,7.450277590824284,"(46.92898585565497, 7.450277590824284)"
47,46.02398,8.968292,"(46.02398, 8.968292)"
328,46.9417265,7.3930062,"(46.9417265, 7.3930062)"
434,46.0159412,8.9668282,"(46.0159412, 8.9668282)"
388,47.412732,8.544185,"(47.412732, 8.544185)"
95,47.377148,8.523818,"(47.377148, 8.523818)"
294,46.95386,7.4365667,"(46.95386, 7.4365667)"
197,46.9394841,7.3899968,"(46.9394841, 7.3899968)"
782,46.029052,8.969857,"(46.029052, 8.969857)"
183,46.9432034,7.4735436,"(46.9432034, 7.4735436)"
82,47.359675,8.535718,"(47.359675, 8.535718)"
766,46.020826,8.964896,"(46.020826, 8.964896)"
488,46.517009,6.635237,"(46.517009, 6.635237)"
477,46.9616862,7.4396136,"(46.9616862, 7.4396136)"
799,46.80778475,7.1029457,"(46.80778475, 7.1029457)"
177,46.94941743287729,7.381454366484235,"(46.94941743287729, 7.381454366484235)"
215,46.9520639,7.4615809,"(46.9520639, 7.4615809)"
568,47.347701,8.528049,"(47.347701, 8.528049)"
680,46.946852812713296,7.483654624791477,"(46.946852812713296, 7.483654624791477)"
469,46.9450382,7.3791687,"(46.9450382, 7.3791687)"
873,46.85417,9.52839,"(46.85417, 9.52839)"
224,46.9541456,7.4307168,"(46.9541456, 7.4307168)"
537,47.416873,8.555639,"(47.416873, 8.555639)"
128,47.36309,8.51813,"(47.36309, 8.51813)"
780,46.003948,8.961542,"(46.003948, 8.961542)"
436,46.014127,8.959087,"(46.014127, 8.959087)"
153,47.365272,8.52174,"(47.365272, 8.52174)"
559,47.374241,8.525602,"(47.374241, 8.525602)"
864,46.008146,8.969007,"(46.008146, 8.969007)"
662,47.369181,8.505787,"(47.369181, 8.505787)"
284,46.520469823395864,6.630836110862832,"(46.520469823395864, 6.630836110862832)"
35,46.510562,6.499863,"(46.510562, 6.499863)"
437,46.01876,8.96429,"(46.01876, 8.96429)"
821,46.958152075321834,7.492620923918697,"(46.958152075321834, 7.492620923918697)"
716,45.86687922879933,8.983606564693778,"(45.86687922879933, 8.983606564693778)"
708,45.87023343314977,8.987408595931916,"(45.87023343314977, 8.987408595931916)"
352,46.9403,7.458608,"(46.9403, 7.458608)"
303,46.95099,7.4726263,"(46.95099, 7.4726263)"
793,46.7915080285386,7.1389768164662275,"(46.7915080285386, 7.1389768164662275)"
364,47.3708387,8.5595335,"(47.3708387, 8.5595335)"
529,47.424155,8.562301,"(47.424155, 8.562301)"
132,47.35594,8.549852,"(47.35594, 8.549852)"
613,46.39236,6.23137,"(46.39236, 6.23137)"
789,46.51966972197189,6.632556563027347,"(46.51966972197189, 6.632556563027347)"
285,47.36691,8.548562,"(47.36691, 8.548562)"
796,46.82482068793405,7.15174354915194,"(46.82482068793405, 7.15174354915194)"
638,47.421914,8.549832,"(47.421914, 8.549832)"
131,47.365045,8.553922,"(47.365045, 8.553922)"
761,46.79633089439779,7.131816212475342,"(46.79633089439779, 7.131816212475342)"
868,46.86694,9.53723,"(46.86694, 9.53723)"
871,46.851702,9.534199,"(46.851702, 9.534199)"
372,46.970948,7.472052,"(46.970948, 7.472052)"
822,46.95812,7.48801,"(46.95812, 7.48801)"
843,46.94303954532779,7.4016277739719145,"(46.94303954532779, 7.4016277739719145)"
516,47.418472,8.561746,"(47.418472, 8.561746)"
472,46.9477995,7.454056,"(46.9477995, 7.454056)"
112,47.388151,8.520449,"(47.388151, 8.520449)"
791,46.52689212107495,6.651725094510788,"(46.52689212107495, 6.651725094510788)"
781,46.018784,8.962014,"(46.018784, 8.962014)"
838,46.505009,6.641321,"(46.505009, 6.641321)"
167,46.39294,6.23856,"(46.39294, 6.23856)"
314,46.9450822,7.4324521,"(46.9450822, 7.4324521)"
564,47.345298,8.53577,"(47.345298, 8.53577)"
40,45.9242,8.9192,"(45.9242, 8.9192)"
41,45.953905,8.949715,"(45.953905, 8.949715)"
157,47.355381,8.535119,"(47.355381, 8.535119)"
597,46.941383,7.448788,"(46.941383, 7.448788)"
525,47.400393,8.622367,"(47.400393, 8.622367)"
10,46.526079,6.579268,"(46.526079, 6.579268)"
384,47.378556,8.520168,"(47.378556, 8.520168)"
737,46.42708,6.26574,"(46.42708, 6.26574)"
718,45.861449804710674,8.954692504152314,"(45.861449804710674, 8.954692504152314)"
747,45.92241761420432,8.98598929175441,"(45.92241761420432, 8.98598929175441)"
427,47.4188324,8.5064743,"(47.4188324, 8.5064743)"
199,46.9456501,7.3901001,"(46.9456501, 7.3901001)"
842,46.93658906078831,7.395474687081315,"(46.93658906078831, 7.395474687081315)"
179,46.9454695,7.3928104,"(46.9454695, 7.3928104)"
176,46.935853071517315,7.390354333129826,"(46.935853071517315, 7.390354333129826)"
491,46.9650342,7.4514649,"(46.9650342, 7.4514649)"
870,46.85309,9.51228,"(46.85309, 9.51228)"
704,45.87254294486857,8.987224327562924,"(45.87254294486857, 8.987224327562924)"
61,47.4099615,8.5452956,"(47.4099615, 8.5452956)"
511,46.974841,7.453275,"(46.974841, 7.453275)"
714,45.86245058491458,8.980687511646552,"(45.86245058491458, 8.980687511646552)"
865,45.838047,9.026857,"(45.838047, 9.026857)"
779,46.82142609198569,7.10838613913462,"(46.82142609198569, 7.10838613913462)"
810,46.419162,6.282356,"(46.419162, 6.282356)"
609,46.42391,6.26546,"(46.42391, 6.26546)"
423,46.933129,7.455933,"(46.933129, 7.455933)"
886,47.395257,8.469131,"(47.395257, 8.469131)"
293,46.9465196,7.4481457,"(46.9465196, 7.4481457)"
800,46.8124563613632,7.127767764590539,"(46.8124563613632, 7.127767764590539)"
569,47.405751,8.539016,"(47.405751, 8.539016)"
776,46.81936091435492,7.102468450680388,"(46.81936091435492, 7.102468450680388)"
860,45.998476,8.923755,"(45.998476, 8.923755)"
81,47.3899342,8.5104051,"(47.3899342, 8.5104051)"
142,47.3742296,8.5285533,"(47.3742296, 8.5285533)"
386,47.384902,8.547904,"(47.384902, 8.547904)"
642,46.816013,7.12996,"(46.816013, 7.12996)"
584,46.006076,8.966775,"(46.006076, 8.966775)"
391,47.401852,8.499265,"(47.401852, 8.499265)"
447,47.371455,8.5070564,"(47.371455, 8.5070564)"
452,47.356387,8.526158,"(47.356387, 8.526158)"
876,46.84647,9.53609,"(46.84647, 9.53609)"
438,46.0036519,8.9529036,"(46.0036519, 8.9529036)"
51,45.991081,8.943799,"(45.991081, 8.943799)"
36,46.51856,6.50736,"(46.51856, 6.50736)"
681,46.93987160970557,7.425113039012359,"(46.93987160970557, 7.425113039012359)"
515,47.3690153,8.5543974,"(47.3690153, 8.5543974)"
275,47.394007,8.542036,"(47.394007, 8.542036)"
558,47.370037,8.518185,"(47.370037, 8.518185)"
424,47.406988,8.532464,"(47.406988, 8.532464)"
390,47.412873,8.533265,"(47.412873, 8.533265)"
323,46.933646280041835,7.448225744500959,"(46.933646280041835, 7.448225744500959)"
246,46.040345,8.932433,"(46.040345, 8.932433)"
205,46.032852,8.921806,"(46.032852, 8.921806)"
803,46.51196729119777,6.4849846482546685,"(46.51196729119777, 6.4849846482546685)"
816,46.9694975302973,7.485804790590767,"(46.9694975302973, 7.485804790590767)"
193,46.9552642,7.4593279,"(46.9552642, 7.4593279)"
538,47.367656,8.516257,"(47.367656, 8.516257)"
691,45.856501,8.988615,"(45.856501, 8.988615)"
487,46.523954,6.632626,"(46.523954, 6.632626)"
730,46.46264,6.33681,"(46.46264, 6.33681)"
91,47.3917837,8.5181701,"(47.3917837, 8.5181701)"
572,47.402749,8.5355,"(47.402749, 8.5355)"
8,46.518951,6.562162,"(46.518951, 6.562162)"
787,46.53439438272029,6.5780125706014605,"(46.53439438272029, 6.5780125706014605)"
847,46.094684,8.928136,"(46.094684, 8.928136)"
848,46.088134,8.915069,"(46.088134, 8.915069)"
794,46.7909443366818,7.127365724241438,"(46.7909443366818, 7.127365724241438)"
539,47.402801,8.58131,"(47.402801, 8.58131)"
744,45.849737477082186,9.008044185318527,"(45.849737477082186, 9.008044185318527)"
719,45.845724,9.014909,"(45.845724, 9.014909)"
557,47.374192,8.514116,"(47.374192, 8.514116)"
289,46.012555,8.943487,"(46.012555, 8.943487)"
278,47.417701,8.545602,"(47.417701, 8.545602)"
60,47.374785,8.539882,"(47.374785, 8.539882)"
786,46.5275155987152,6.5727380643235245,"(46.5275155987152, 6.5727380643235245)"
110,47.396401,8.4860017,"(47.396401, 8.4860017)"
859,46.54405624882997,6.6034499977507615,"(46.54405624882997, 6.6034499977507615)"
312,46.9356089,7.4471426,"(46.9356089, 7.4471426)"
419,46.93036,7.41929,"(46.93036, 7.41929)"
133,47.36162,8.554501,"(47.36162, 8.554501)"
156,47.386596,8.490837,"(47.386596, 8.490837)"
367,47.368474,8.559983,"(47.368474, 8.559983)"
585,46.016524,8.955876,"(46.016524, 8.955876)"
151,47.387685,8.486284,"(47.387685, 8.486284)"
544,46.52864,6.566695,"(46.52864, 6.566695)"
763,46.51649685275541,6.550408183414197,"(46.51649685275541, 6.550408183414197)"
551,46.957196,7.450895,"(46.957196, 7.450895)"
26,46.521668,6.581345,"(46.521668, 6.581345)"
430,47.382577,8.546903,"(47.382577, 8.546903)"
875,46.86357,9.53866,"(46.86357, 9.53866)"
869,46.847347,9.509044,"(46.847347, 9.509044)"
605,46.46063,6.32262,"(46.46063, 6.32262)"
159,47.371868,8.515558,"(47.371868, 8.515558)"
135,47.361335,8.547781,"(47.361335, 8.547781)"
185,46.946664,7.400752,"(46.946664, 7.400752)"
595,46.940180660348716,7.453043799962409,"(46.940180660348716, 7.453043799962409)"
426,47.4039845,8.5787183,"(47.4039845, 8.5787183)"
528,47.448799,8.583122,"(47.448799, 8.583122)"
734,46.381576302180214,6.240310145601514,"(46.381576302180214, 6.240310145601514)"
699,45.858612,8.940146,"(45.858612, 8.940146)"
429,47.4080095,8.5777038,"(47.4080095, 8.5777038)"
454,47.364871,8.537971,"(47.364871, 8.537971)"
769,46.776884,7.139565,"(46.776884, 7.139565)"
264,47.353198,8.553189,"(47.353198, 8.553189)"
598,46.38065,6.20499,"(46.38065, 6.20499)"
299,46.9399346,7.3825121,"(46.9399346, 7.3825121)"
449,47.383858,8.528796,"(47.383858, 8.528796)"
853,46.51061054877812,6.659367730704223,"(46.51061054877812, 6.659367730704223)"
676,46.9461220614124,7.475815366515189,"(46.9461220614124, 7.475815366515189)"
521,47.39733,8.61865,"(47.39733, 8.61865)"
773,46.783152,7.155408,"(46.783152, 7.155408)"
121,46.956956,7.48287,"(46.956956, 7.48287)"
717,45.87153897383477,8.968208417990107,"(45.87153897383477, 8.968208417990107)"
770,45.83472077054605,9.01820134325138,"(45.83472077054605, 9.01820134325138)"
465,46.94694772769555,7.388948353838325,"(46.94694772769555, 7.388948353838325)"
736,46.452185194140014,6.2910599793253486,"(46.452185194140014, 6.2910599793253486)"
450,47.350578,8.560587,"(47.350578, 8.560587)"
731,46.380297084312886,6.240987669660989,"(46.380297084312886, 6.240987669660989)"
425,47.420757,8.508131,"(47.420757, 8.508131)"
813,46.77578804990217,7.156581598521503,"(46.77578804990217, 7.156581598521503)"
106,47.382798,8.53545,"(47.382798, 8.53545)"
600,46.45924,6.34011,"(46.45924, 6.34011)"
855,46.52785589336738,6.560535663689192,"(46.52785589336738, 6.560535663689192)"
783,45.994723,8.943257,"(45.994723, 8.943257)"
593,46.97293,7.450856,"(46.97293, 7.450856)"
524,47.451336,8.58205,"(47.451336, 8.58205)"
46,46.021942,8.962901,"(46.021942, 8.962901)"
526,47.395368,8.603989,"(47.395368, 8.603989)"
445,47.4095467,8.5563463,"(47.4095467, 8.5563463)"
335,46.54873,6.57476,"(46.54873, 6.57476)"
470,46.9438169,7.3955825,"(46.9438169, 7.3955825)"
768,46.81983868693908,7.139736435254434,"(46.81983868693908, 7.139736435254434)"
850,46.428783178554085,6.249760378428628,"(46.428783178554085, 6.249760378428628)"
837,46.387342,6.227582,"(46.387342, 6.227582)"
882,46.927744881476436,7.370069357719424,"(46.927744881476436, 7.370069357719424)"
29,46.5058,6.6711,"(46.5058, 6.6711)"
519,47.430911,8.562033,"(47.430911, 8.562033)"
767,46.459494,6.333472,"(46.459494, 6.333472)"
360,47.3876979,8.5421457,"(47.3876979, 8.5421457)"
520,47.40245,8.62726,"(47.40245, 8.62726)"
603,47.409405,8.596064,"(47.409405, 8.596064)"
601,46.45543,6.336791,"(46.45543, 6.336791)"
757,46.543261033642686,6.661545646440144,"(46.543261033642686, 6.661545646440144)"
645,46.77173,7.162033,"(46.77173, 7.162033)"
690,45.83031984322107,8.996931081752528,"(45.83031984322107, 8.996931081752528)"
589,46.9427868,7.3870759,"(46.9427868, 7.3870759)"
517,47.43281,8.566564,"(47.43281, 8.566564)"
446,47.3663708,8.514176,"(47.3663708, 8.514176)"
684,45.87125166693927,8.98675487202064,"(45.87125166693927, 8.98675487202064)"
891,46.001191,8.985164,"(46.001191, 8.985164)"
888,46.464141,6.348945,"(46.464141, 6.348945)"
614,46.38356,6.23973,"(46.38356, 6.23973)"
612,46.37679,6.23515,"(46.37679, 6.23515)"
518,47.39572,8.62328,"(47.39572, 8.62328)"
523,47.43117,8.55845,"(47.43117, 8.55845)"
531,47.417668,8.593612,"(47.417668, 8.593612)"
711,45.871996543772816,8.994334187178147,"(45.871996543772816, 8.994334187178147)"
720,45.855005125749834,9.002221444016275,"(45.855005125749834, 9.002221444016275)"
854,46.514863230694175,6.658812113086054,"(46.514863230694175, 6.658812113086054)"
866,47.407433,8.639147,"(47.407433, 8.639147)"
829,46.8934148092464,7.3518540937205685,"(46.8934148092464, 7.3518540937205685)"
175,46.9393577,7.3863865,"(46.9393577, 7.3863865)"
758,46.547872289288286,6.671632436126663,"(46.547872289288286, 6.671632436126663)"
288,45.982056,8.918121,"(45.982056, 8.918121)"
574,47.45041071949902,8.563071583930034,"(47.45041071949902, 8.563071583930034)"
801,45.844533,8.926253,"(45.844533, 8.926253)"
319,47.00268,7.44109,"(47.00268, 7.44109)"
44,46.065999,8.966679,"(46.065999, 8.966679)"
874,46.86924,9.54073,"(46.86924, 9.54073)"
441,45.989126,8.946661,"(45.989126, 8.946661)"
849,46.51569970026471,6.499234489270572,"(46.51569970026471, 6.499234489270572)"
50,45.984764,8.932378,"(45.984764, 8.932378)"
722,45.861628339008064,9.00898208387063,"(45.861628339008064, 9.00898208387063)"
797,46.81795070092267,7.126884943129607,"(46.81795070092267, 7.126884943129607)"
808,46.547024950077954,6.607627798721679,"(46.547024950077954, 6.607627798721679)"
856,46.399965,6.203576,"(46.399965, 6.203576)"
620,45.973369,8.927351,"(45.973369, 8.927351)"
583,45.97765,8.926757,"(45.97765, 8.926757)"
618,45.958424,8.917052,"(45.958424, 8.917052)"
852,46.5183879308213,6.4569022616279925,"(46.5183879308213, 6.4569022616279925)"
374,46.88922737105038,7.367057544825261,"(46.88922737105038, 7.367057544825261)"
750,45.95289,8.965247,"(45.95289, 8.965247)"
245,46.012749,8.914699,"(46.012749, 8.914699)"
247,46.020356,8.916114,"(46.020356, 8.916114)"
696,45.991069,8.936421,"(45.991069, 8.936421)"
588,46.037002,8.979558,"(46.037002, 8.979558)"
395,47.367055,8.541683,"(47.367055, 8.541683)"
774,45.841265,8.98136,"(45.841265, 8.98136)"
748,45.932192,8.974225,"(45.932192, 8.974225)"
687,45.84024833885875,8.997598436485646,"(45.84024833885875, 8.997598436485646)"
607,46.29934,6.16927,"(46.29934, 6.16927)"
689,45.82606824449524,9.013036784694819,"(45.82606824449524, 9.013036784694819)"
610,46.42329,6.27557,"(46.42329, 6.27557)"
739,46.42782864376307,6.276592047529303,"(46.42782864376307, 6.276592047529303)"
527,47.44173,8.56879,"(47.44173, 8.56879)"
22,46.508486,6.499667,"(46.508486, 6.499667)"
608,46.42121,6.26294,"(46.42121, 6.26294)"
685,45.87216325637743,8.983528791038395,"(45.87216325637743, 8.983528791038395)"
742,45.87595168951277,8.987138816048143,"(45.87595168951277, 8.987138816048143)"
712,45.854808754188724,8.96080186040559,"(45.854808754188724, 8.96080186040559)"
625,46.03702,8.954823,"(46.03702, 8.954823)"
765,46.345477,6.162667,"(46.345477, 6.162667)"
846,46.09704185231821,8.922324370246264,"(46.09704185231821, 8.922324370246264)"
784,45.8474329,9.0342084,"(45.8474329, 9.0342084)"
752,46.027895,8.954881,"(46.027895, 8.954881)"
735,46.30442257745524,6.169752668043726,"(46.30442257745524, 6.169752668043726)"
706,45.903314,8.979073,"(45.903314, 8.979073)"
627,45.999094,8.945139,"(45.999094, 8.945139)"
709,45.86959228856764,8.989624365925325,"(45.86959228856764, 8.989624365925325)"
754,46.304039,6.179519,"(46.304039, 6.179519)"
692,45.831757,9.032651,"(45.831757, 9.032651)"
522,47.444516,8.582115,"(47.444516, 8.582115)"
743,45.84700376233985,9.005261994529603,"(45.84700376233985, 9.005261994529603)"
863,46.038841,8.946213,"(46.038841, 8.946213)"
626,46.55095610567505,6.57306649851556,"(46.55095610567505, 6.57306649851556)"
566,47.396172,8.50373,"(47.396172, 8.50373)"
772,46.9191591,7.4383865,"(46.9191591, 7.4383865)"
806,46.544314905605354,6.586897691005923,"(46.544314905605354, 6.586897691005923)"
798,47.325159,8.647915,"(47.325159, 8.647915)"
715,45.890055,8.950718,"(45.890055, 8.950718)"
751,45.92991043850694,8.938161232544616,"(45.92991043850694, 8.938161232544616)"
723,45.854907,8.943853,"(45.854907, 8.943853)"
693,45.835102068444385,9.027882228092864,"(45.835102068444385, 9.027882228092864)"
746,45.841894,8.916675,"(45.841894, 8.916675)"
724,45.85527,8.93759,"(45.85527, 8.93759)"
892,45.83778,9.02214,"(45.83778, 9.02214)"
713,45.87264624215591,8.953349054900483,"(45.87264624215591, 8.953349054900483)"
721,45.85200343,9.016464562,"(45.85200343, 9.016464562)"
11,46.521978,6.564896,"(46.521978, 6.564896)"
12,46.520723,6.568276,"(46.520723, 6.568276)"
14,46.5224054,6.5655126,"(46.5224054, 6.5655126)"
